hora,tipo_sinal,direcao,tamanho_canal_pct_atr,distancia_sma_pct_atr,rsi,vela_gatilho_corpo_pct,aceleracao_velas_contra,vela_1_antes_corpo_pct,vela_1_antes_favor,vela_2_antes_corpo_pct,vela_2_antes_favor,alvo_win
12,1,-1,0.4641350210972941,0.536990154711677,44.77487554317007,0.5454545454545454,1,0.147058823529066,-1,0.5507246376813413,1,1
13,0,1,1.2887438825444772,2.576019575855905,61.80224215884871,0.0238095238096748,1,0.6290322580642735,-1,0.8441558441557205,1,1
15,0,-1,1.475694444444478,2.470312499999821,34.615143850115274,0.3970588235293925,0,0.30612244897986,1,0.1250000000002081,1,1
15,0,-1,1.450511945392527,2.2563139931739684,35.88374909876765,0.0499999999997779,1,0.3970588235293925,-1,0.30612244897986,1,1
16,0,-1,0.2642559109876523,0.3196105702364987,44.72217332989843,0.3835616438356331,0,0.2439024390243506,1,0.4177215189872315,1,1
16,0,-1,0.2574525745259062,1.176016260162248,38.89713227858431,0.8219178082189531,1,0.3835616438356331,-1,0.2439024390243506,1,1
16,0,-1,0.2519893899205845,0.4510610079576136,45.06199799389145,0.6666666666666666,0,0.8219178082189531,1,0.3835616438356331,-1,1
16,0,-1,0.6758832565283639,1.2689708141320943,41.877139785031936,0.4531250000000542,0,0.1081081081076215,1,0.7400000000000444,1,1
16,0,-1,0.6758832565283639,1.2689708141320943,41.877139785031936,0.4531250000000542,0,0.1081081081076215,1,0.7400000000000444,1,1
20,0,-1,0.6774668630340751,2.9559646539030844,37.6408700845552,0.6153846153846592,0,0.4423076923075363,1,0.6545454545452417,1,1
20,0,-1,0.7153965785383072,3.378849144634511,36.15585427616498,0.4418604651161469,1,0.6153846153846592,-1,0.4423076923075363,1,1
21,0,1,1.2824427480918577,5.898931297709831,66.5704541528252,0.5571428571429025,0,0.2923076923075399,1,0.7755102040817436,1,1
16,0,1,0.2239789196311051,1.0094861660078565,51.67155580595817,0.5365853658538963,0,0.3255813953489573,1,0.0175438596492389,-1,1
17,0,-1,0.6471494607085861,3.4513097072419123,51.303737633051966,0.5591397849462597,0,0.0566037735848424,1,0.7924528301885448,-1,1
17,1,-1,0.3366058906031069,2.4091164095370456,48.87259702206721,0.4905660377357858,1,0.0196078431373829,-1,0.5000000000001354,1,1
17,0,-1,0.4625199362043439,1.9518341307814957,53.48114626859698,0.6781609195403913,0,0.3174603174603286,1,0.4905660377357858,1,1
19,0,1,0.6885758998438818,0.051956181533753,46.844474607589575,0.3431372549018071,0,0.1481481481483004,1,0.5930232558140616,1,1
19,0,1,1.2125340599452592,1.0167574931881145,54.14195945115784,0.7530864197531068,0,0.5348837209299323,1,0.815533980582585,1,1
19,0,1,1.1424903722719375,1.348395378690359,56.599435709446986,0.4788732394366373,1,0.7530864197531068,-1,0.5348837209299323,1,1
21,0,1,0.7096774193548849,1.5488709677420909,64.36401225739522,0.0799999999999289,0,0.2083333333333911,1,0.4714285714288569,1,1
7,0,-1,0.5413105413103242,3.840883190883398,31.490558237437853,0.0158730158731221,1,0.2162162162161432,-1,0.5694444444446072,1,0
8,1,-1,0.7798960138645026,1.619064124783471,52.869865328016665,0.8584905660380442,1,0.4255319148935969,-1,0.1538461538462852,1,1
9,0,1,0.4823151125405395,3.1215434083602074,55.36559523696859,0.811111111111133,0,0.1304347826090944,1,0.1860465116281231,-1,1
14,0,-1,1.0876623376623031,5.351785714285843,39.36906721542493,0.5789473684211018,0,0.9180327868850728,1,0.9846153846156264,1,1
15,0,-1,0.730050933786288,0.7859083191850812,49.01923125092121,0.6349206349204335,0,0.4042553191492478,1,0.8108108108110622,1,1
15,0,-1,0.6991869918701048,0.9645528455279444,46.85436297059549,0.3571428571428854,1,0.6349206349204335,-1,0.4042553191492478,1,1
15,0,-1,0.3602305475505323,0.6488472622475032,46.55880670780187,0.3611111111110939,1,0.6399999999995382,-1,0.4634146341463744,1,1
18,0,1,1.3983050847454757,2.957203389830549,69.47463866873257,0.2203389830508347,0,0.0588235294118223,1,0.1142857142858049,1,1
18,0,1,1.4203730272594484,3.421664275466356,69.6777208729572,0.274999999999889,0,0.6296296296296601,1,0.2203389830508347,-1,1
19,0,-1,0.4858934169275986,2.6824451410655072,37.06809311787373,0.3561643835614855,0,0.0555555555556069,1,0.6823529411764859,1,1
19,0,-1,0.4606240713221466,2.489747399702776,37.202688438334896,0.0857142857142494,1,0.3561643835614855,-1,0.0555555555556069,1,1
21,0,1,0.8333333333332478,5.026543209876105,50.96543037011772,0.694444444444316,0,0.2790697674415242,1,0.8493150684931007,1,1
11,0,-1,0.4333868378812108,3.105939004815463,39.37404111274921,0.8108108108110622,0,0.2361111111110982,1,0.7750000000001666,1,0
15,0,-1,0.7350689127106552,2.224196018376855,37.07177269875268,0.6399999999999822,0,0.7674418604651043,1,0.2031250000002981,1,1
17,0,-1,0.865874363327699,6.447028862478837,28.071935818103995,0.6744186046510428,0,0.2325581395348957,1,0.2641509433962106,1,1
17,0,-1,0.8978873239436599,6.377816901408556,29.539637312121783,0.1874999999999132,0,0.1632653061221253,1,0.6744186046510428,-1,1
19,1,-1,0.3508771929824846,0.2986842105263851,55.34176248012042,0.4415584415584865,0,1.0,1,0.619047619047317,-1,1
20,1,1,0.2773497688749427,2.747611710323412,56.685702201799856,0.1294117647059438,0,0.9268292682927488,1,0.0227272727274218,-1,1
20,0,1,0.7027818448023835,1.7931185944363954,50.34431330053842,0.6626506024096128,0,0.7045454545455349,1,0.3456790123457602,1,1
20,0,1,0.7283763277693914,2.027465857359701,51.66258531119647,0.4000000000002537,1,0.6626506024096128,-1,0.7045454545455349,1,1
12,0,1,0.5820105820104949,3.669488536155284,52.3083039861086,0.2837837837838567,1,0.5394736842101957,-1,0.5555555555555098,1,1
12,0,1,0.3448275862067873,4.026872770511673,62.60461221784276,0.7052631578948426,0,0.6507936507935501,1,0.4210526315786193,1,1
14,0,1,0.4820936639116515,4.623278236914692,66.6609676874692,0.711864406779645,1,0.9310344827586736,-1,0.3666666666663829,1,1
15,0,1,1.189427312775339,4.296328928047272,58.82237789748153,0.0666666666663459,0,0.5147058823527106,1,0.84210526315803,1,1
16,0,1,0.7875185735514586,1.0552748885584993,48.42145768830743,0.864864864865173,0,0.7536231884054986,1,0.3124999999999783,1,1
16,0,1,0.7863501483681661,1.5633531157272436,52.1342160526143,0.5357142857145123,1,0.864864864865173,-1,0.7536231884054986,1,1
17,0,1,1.4332247557002007,1.9895765472311884,59.70304512625487,0.7121212121212936,0,0.3614457831324431,1,0.7731958762885796,1,1
17,0,1,1.4216478190629087,2.1886914378029423,61.279428606037946,0.3518518518521107,1,0.7121212121212936,-1,0.3614457831324431,1,1
17,0,1,1.4216478190629087,1.765266558966064,57.63719004458029,0.4385964912282478,0,0.3518518518521107,1,0.7121212121212936,-1,1
18,0,1,1.1655629139073167,2.5639735099339256,55.90098867908938,0.575000000000222,0,0.1034482758620161,1,0.9636363636365252,1,1
18,0,1,1.1458333333333697,3.458463541667162,62.01996283742288,0.6782608695652291,1,0.575000000000222,-1,0.1034482758620161,1,1
18,0,1,1.1671087533156577,3.4331564986737164,61.27110405015302,0.326086956522012,0,0.4285714285714285,1,0.6782608695652291,1,1
18,0,1,1.2500000000000393,4.017187500000321,63.42066556048544,0.6,1,0.326086956522012,-1,0.4285714285714285,1,1
18,0,1,1.29602356406486,3.8226804123713887,60.823825858977386,0.2950819672128641,0,0.6,1,0.326086956522012,-1,1
19,0,-1,0.8842652795836075,3.8319895968789672,26.36503112225769,0.399999999999889,1,0.2500000000001542,-1,0.5365853658538963,1,1
19,0,-1,0.8935611038105142,3.232063074901645,32.50103351999388,0.5421686746986759,0,0.399999999999889,1,0.2500000000001542,-1,1
19,0,-1,0.6727037516168668,1.4062095730918849,50.12497058860416,0.6065573770491505,0,0.4666666666666419,1,0.8985507246376718,1,1
19,0,-1,0.7282913165263685,2.111204481792519,46.69647808217279,0.6307692307692255,1,0.6065573770491505,-1,0.4666666666666419,1,1
20,0,-1,0.2839116719240582,4.283123028391105,43.47832197264332,0.7083333333332947,0,0.8055555555557783,1,0.4516129032254945,1,1
20,0,-1,0.2970297029700249,3.4008250825077138,50.51656943358284,0.8345864661653383,0,0.9223300970873076,1,0.2564102564108695,-1,1
20,0,1,0.9861325115564584,0.5411402157166058,56.240481198358296,0.5357142857147247,1,0.5666666666667407,-1,0.0178571428572632,1,1
21,1,-1,0.5317324185245055,2.5735849056602977,38.15809368141093,0.7826086956522914,1,0.4339622641507378,-1,0.3389830508473683,1,1
21,0,1,0.9789156626503304,4.953463855421937,71.45055694073233,0.3428571428572063,0,0.7037037037038103,1,0.5844155844157117,1,1
7,0,-1,1.5705128205129515,4.883012820513359,31.230377421120195,0.2448979591839786,0,0.688888888888867,1,0.6129032258064901,1,1
8,0,-1,0.6016042780746392,3.5078877005345555,52.155851958942826,0.2295081967213592,0,0.510204081632949,1,0.4473684210527161,1,1
8,0,-1,0.6008010680905735,3.5157543391189074,51.08280788514202,0.1384615384614123,1,0.2295081967213592,-1,0.510204081632949,1,1
10,1,1,0.6041131105398156,1.643573264781326,50.44722544700762,0.8235294117648595,0,0.9879518072288352,1,0.6170212765960462,1,1
12,1,1,0.6367583212734929,3.023878437047784,57.96594114503444,0.2444444444441593,0,0.8333333333332511,1,0.0967741935482946,-1,1
12,0,1,0.5890227576974967,3.3353413654622277,56.87756519030735,0.0655737704918689,0,0.2280701754385486,1,0.7209302325581456,1,1
16,0,1,0.8347826086957261,1.9848695652174384,49.87326986829379,0.6666666666665545,0,0.3953488372093743,1,0.2564102564101542,1,1
20,0,-1,0.6343906510852032,0.6724540901502931,57.778774617335,0.6857142857144126,0,0.5000000000003364,1,0.4634146341466453,1,0
20,0,-1,0.9193776520507018,1.1492220650635343,48.75343166485216,0.5254237288135338,0,0.4705882352945786,1,0.3448275862069757,-1,0
8,0,-1,0.8086253369270882,3.4204851752018643,33.972698287341245,0.1612903225806682,1,0.1379310344825078,-1,0.4102564102565343,1,1
8,0,-1,0.8264462809916395,3.1235537190085285,38.7129031542558,0.642857142857511,1,0.7972972972971595,-1,0.1698113207550173,1,1
9,0,1,0.6879194630873395,2.9640939597318865,57.3429968636176,0.6753246753245405,0,0.3428571428567803,1,0.4999999999998678,1,1
9,0,1,0.664505672609482,3.477957860616004,60.80276343945389,0.4814814814816338,1,0.6753246753245405,-1,0.3428571428567803,1,1
9,0,1,1.1041009463725435,4.091167192429444,62.76330912516079,0.7631578947370727,0,0.4583333333332755,1,0.7297297297297459,1,1
9,1,1,0.2460202604920544,0.5191027496382896,44.24373726553197,0.7307692307692143,1,0.3714285714283901,-1,0.184615384615558,1,1
10,0,-1,0.9661016949155592,2.521864406779819,46.4408851941907,0.5050505050504257,0,0.3725490196080992,1,0.547945205479302,1,1
11,0,-1,0.7822085889570615,2.157208588957164,38.62698410376842,0.1219512195119045,0,0.0714285714284959,1,0.6119402985075418,1,1
11,0,-1,1.769331585845189,2.831192660550068,37.33062948647645,0.5964912280702301,0,0.5,1,0.8733333333332485,1,1
11,0,-1,1.769331585845189,2.831192660550068,37.33062948647645,0.5964912280702301,0,0.5,1,0.8733333333332485,1,1
11,0,1,0.3809523809525196,1.8330158730157973,54.84526060924187,0.5151515151516171,0,0.5663716814160649,1,0.7391304347827766,1,1
12,0,1,0.655999999999693,5.195200000000111,59.16433033183146,0.8148148148144696,0,0.7499999999998539,1,0.5357142857141158,1,1
12,0,1,0.6193353474317146,5.405589123866905,62.3922867042692,0.5757575757575554,1,0.8148148148144696,-1,0.7499999999998539,1,1
13,0,1,0.2329192546581709,3.696894409937744,54.98687793915241,0.7058823529412149,1,0.9242424242422764,-1,0.6891891891892379,1,1
13,0,1,0.658682634730531,4.331586826347449,60.56372816613169,0.25,1,0.436619718309912,-1,0.6976744186046872,1,1
13,0,1,0.4740061162079853,5.839755351681972,63.97027929908807,0.3478260869564588,0,0.1636363636362094,1,0.3513513513512702,1,1
15,0,-1,1.2183544303799791,4.8356012658227145,51.894944936464746,0.4329896907217769,0,0.4242424242425873,1,0.6808510638300386,-1,1
16,0,1,1.192214111922101,5.44257907542568,67.04418704870707,0.0392156862743305,1,0.8316831683168578,-1,0.9439252336449024,1,1
16,1,1,0.898379970544879,5.369072164948259,53.2143046887551,0.1538461538461913,0,0.7980769230768676,1,0.8205128205127841,1,1
17,0,-1,0.975975975976019,2.50840840840865,44.113685073206376,0.8214285714284487,0,0.4464285714286281,1,0.4761904761903251,-1,1
17,0,-1,0.9180790960452568,2.4935028248588056,43.52125723887034,0.1282051282053982,1,0.8214285714284487,-1,0.4464285714286281,1,1
20,0,-1,1.1849710982659898,2.611994219653194,41.63752995238105,0.2394366197183186,1,0.875000000000077,-1,0.468750000000477,1,1
21,0,-1,1.4014598540142835,4.257372262773245,44.78882500337373,0.8461538461541418,0,0.4166666666665896,1,0.7941176470587851,1,1
21,0,-1,1.4611872146115523,4.635159817351522,43.02785890588662,0.2739726027397343,1,0.8461538461541418,-1,0.4166666666665896,1,1
21,0,-1,1.4096916299556843,4.350954478707724,43.28065688407792,0.0,0,0.2739726027397343,1,0.8461538461541418,-1,1
21,1,-1,0.3424657534249961,2.271404109589029,54.37037886736709,0.4117647058824297,0,0.3015873015872065,1,0.4999999999996299,1,1
7,0,1,1.161202185792445,1.424726775956466,60.8145390296862,0.7681159420287803,0,0.6885245901640776,1,0.0116279069768192,1,1
7,0,1,1.147098515519639,1.4252361673411953,60.99199469038436,0.0666666666666008,1,0.7681159420287803,-1,0.6885245901640776,1,1
12,0,-1,0.9645909645907864,3.5714285714286875,40.82378307130915,0.7368421052630718,0,0.2386363636364152,1,0.966292134831242,1,1
12,0,-1,0.901826484018102,4.3018264840183305,35.577604214104184,0.8510638297869928,1,0.7368421052630718,-1,0.2386363636364152,1,0
12,0,-1,0.914351851851676,3.7781250000001343,40.14762232434833,0.7413793103449596,0,0.8510638297869928,1,0.7368421052630718,-1,1
12,0,1,1.1798561151079356,1.1067625899278972,59.1907862591364,0.6543209876542397,0,0.8139534883714565,1,0.924731182795912,1,1
13,0,1,0.6184012066364584,2.762141779788307,63.81246702746182,0.2200000000001332,0,0.4042553191485843,1,0.7966101694913532,1,1
13,0,1,0.6570512820512439,3.672275641025061,67.36303545415159,0.5975609756097395,1,0.2200000000001332,-1,0.4042553191485843,1,1
13,1,1,0.9158415841587104,3.3022277227725256,60.67935085499819,0.5,0,0.6989247311829317,1,0.4431818181816978,1,1
13,0,1,1.4766355140184138,6.136448598131154,62.86690373139263,0.5490196078432397,0,0.5121951219512988,1,0.9655172413790905,1,1
14,0,-1,0.7963246554362597,0.0006125574272764,45.18969661239759,0.7045454545455349,1,0.5405405405405082,-1,0.5744680851064031,1,1
14,0,1,1.2479201331115133,0.8818635607323381,59.18877310657719,0.4361702127659047,0,0.5600000000000948,1,0.9629629629629934,1,1
17,1,-1,0.4379562043794981,4.302189781021792,48.674943754300976,0.0769230769228929,1,0.2545454545455867,-1,0.6024096385540718,1,1
19,0,1,0.5136436597109164,2.374157303370722,44.04700056753548,0.6849315068494317,0,0.1111111111110197,1,0.8409090909090565,1,1
19,0,1,0.5488621151272303,0.8939759036144953,45.14286683927755,0.6808510638295661,0,0.3584905660376252,1,0.7936507936511741,-1,0
8,0,1,1.2962962962962137,6.136419753086367,63.84877372387429,0.8928571428569918,0,0.5138888888888247,1,0.8837209302324861,1,0
9,0,1,1.25,3.816761363636234,52.23199329295446,0.7142857142859157,0,0.5818181818183066,1,0.7040816326529294,1,1
9,0,1,1.0939691444599515,4.630715287517139,60.0944435773795,0.2680412371133501,0,0.8688524590162622,1,0.8780487804878246,-1,1
10,0,1,0.5457227138643324,3.395132743363114,55.78139356713663,0.2000000000000807,0,0.2340425531911476,1,0.8245614035087787,1,1
10,0,1,0.558912386706971,3.8796072507557553,58.810637735645486,0.3571428571429381,1,0.2000000000000807,-1,0.2340425531911476,1,1
12,0,-1,0.9379128137384164,5.466446499339487,33.01632267182812,0.3253012048192255,1,0.5384615384614947,-1,0.9508196721310072,1,1
13,0,-1,0.2983138780806458,2.826848249027281,47.67931694086607,0.7088607594934752,0,0.6176470588236447,1,0.5882352941175703,1,1
14,1,-1,0.6782106782106038,2.0727272727271817,50.63283068404312,0.3749999999997522,0,0.2727272727270158,1,0.8243243243243649,1,1
17,0,1,1.715610510046347,3.607264296754388,62.74058580722304,0.6777777777776846,0,0.5185185185186404,1,0.9323308270677294,1,1
17,0,1,1.659192825112059,3.761434977578514,63.97162830207529,0.1951219512194791,1,0.6777777777776846,-1,0.5185185185186404,1,1
19,0,1,0.6309148264983299,1.7312302839116582,46.98945914363519,0.2200000000001332,1,0.7195121951220239,-1,0.0,1,1
19,0,1,0.6633499170811651,1.0786069651741776,42.06269259247939,0.8333333333334704,0,0.0312499999995012,1,0.2200000000001332,1,1
19,1,1,0.6260296540359075,1.6120263591431936,50.10643158361383,0.6547619047620024,1,0.1406249999998861,-1,0.7846153846153531,1,1
19,0,-1,0.9139784946233896,2.8681451612900952,32.035343137411104,0.2931034482758555,0,0.2553191489364416,1,1.0,1,1
22,0,1,0.7584269662920884,4.684550561797736,52.24155744080991,0.5353535353537733,1,0.9193548387095156,-1,0.0454545454544995,1,1
8,0,-1,1.301115241635918,2.062825278810439,45.4721462334571,0.5797101449274057,0,0.1428571428571428,1,0.4693877551018466,1,0
8,0,-1,1.301115241635918,2.062825278810439,45.4721462334571,0.5797101449274057,0,0.1428571428571428,1,0.4693877551018466,1,0
9,0,-1,1.6212534059942043,3.985013623978104,32.58924346324558,0.7611940298505682,1,0.775510204081517,-1,0.865853658536526,1,0
12,0,1,0.7894736842102379,3.9830592105263576,61.71082425613848,0.1020408163263179,1,0.6274509803919007,-1,0.3384615384618012,1,1
13,0,1,0.7453416149065689,2.059937888198932,59.9570128051742,0.4916666666667052,1,0.1449275362318514,-1,0.2112676056339393,1,1
14,0,1,1.032702237521806,4.355765920826444,59.10380413209837,0.3620689655173008,0,0.6031746031747655,1,0.7558139534883451,1,1
14,0,1,1.3089005235602054,5.598080279231751,65.14849825571547,0.8888888888889802,0,0.3076923076919573,1,0.912621359223167,1,1
14,0,1,1.0984308131240252,2.4604850213981333,49.96355831231429,0.0930232558135451,0,0.1666666666667547,1,0.7722772277228093,-1,1
15,0,1,0.9339080459767686,2.797270114942709,54.71923188200585,0.6909090909091129,0,0.29577464788739,1,0.3484848484848383,1,1
16,0,1,1.0,3.203275862068964,67.15893477340603,0.25,0,0.4090909090908326,1,0.7938144329897426,1,1
17,0,1,0.9415584415584228,2.4228896103892903,59.01455737200978,0.6476190476190637,0,0.5131578947369266,1,0.25,-1,1
17,0,1,0.8605341246290645,2.699851632047612,62.55969364539149,0.5964912280699978,1,0.6476190476190637,-1,0.5131578947369266,1,1
18,0,-1,0.5580693815987726,0.3793363499243625,38.35072087910172,0.1538461538461275,0,0.2653061224489703,1,0.3921568627450468,1,1
18,0,-1,0.5563909774435775,0.8839097744362922,35.71663271219525,0.5689655172416367,1,0.1538461538461275,-1,0.2653061224489703,1,1
18,0,-1,0.5505952380951874,1.3403273809524552,34.53894454759299,0.5180722891566136,1,0.2692307692307856,-1,0.5689655172416367,1,1
20,0,1,0.6075533661739883,5.709359605910903,63.98288071646108,0.3943661971831866,0,0.5932203389830828,1,0.6964285714282316,1,1
7,0,1,0.6319115323857747,3.5319115323855432,59.36890559119164,0.2653061224488501,1,0.8400000000000948,-1,0.4915254237287561,1,1
7,0,1,0.655737704918349,3.164918032786829,55.85433155430763,0.627118644067669,0,0.097222222222235,1,0.2653061224488501,1,1
9,0,-1,0.9966777408640238,2.481229235880228,44.099346263055565,0.6999999999997502,0,0.1250000000002775,1,0.2926829268292749,1,0
15,0,1,0.4845202077335014,3.219208233705367,52.22734551186076,0.7997200937683123,0,0.2653450357594796,1,0.2348162146455261,1,1
15,0,-1,1.0632913907142851,4.08864338440844,22.46640663544366,0.1341807628853531,0,0.407829744790455,1,0.7802076345582307,1,1
17,1,-1,0.278941970734376,4.593443500347106,46.28740038492903,0.8257901139718942,1,0.4005596674345396,-1,0.009772432465892,1,1
17,0,-1,1.0492090625853172,4.730232782642651,42.25449701871094,0.3375704419304088,0,0.3900657806970295,1,0.482811694350429,1,0
17,0,-1,0.6212058675527461,2.1935880254060867,53.25405756470813,0.792444982715203,0,0.3309610559688531,1,0.6316776618807236,-1,0
18,0,1,0.6517436195669215,4.132490746728221,55.371663258897286,0.435008553789389,1,0.799581961628364,-1,0.2775493560527068,1,1
19,0,-1,1.9785403771362384,1.67251730134593,32.772309188348075,0.7848714013934628,0,0.9411576113558804,1,0.9783732415659778,1,1
22,1,-1,1.2906345546174465,3.2820805542821274,40.14577628166359,0.0754197319639208,0,0.9230403834012378,1,0.7130566031997854,1,1
22,0,-1,1.2229094088736852,2.9269166435754963,42.63683986101868,0.2221296420584553,0,0.1448186461060723,1,0.9944278622364464,1,1
22,0,-1,1.1954476416459616,3.001885247412692,41.27226820019937,0.1560402820263104,1,0.2221296420584553,-1,0.1448186461060723,1,1
22,0,-1,0.8304269785482621,2.280704364291173,54.51657664520439,0.5219895172654312,0,0.0607874907787981,1,0.7627687660799456,-1,1
8,0,1,1.046573701908833,1.5910079231151024,57.37902748134445,0.4934055507678337,0,0.4225441525756708,1,0.676789241604929,1,1
10,1,1,0.493794331419324,2.244486933711467,55.07047960068818,0.5777134011445215,0,0.5984419453090083,1,0.4324351191833068,1,1
10,0,1,0.658773647623129,3.726436729713647,59.6088839449236,0.5651916416809005,0,0.5143924632463955,1,0.1866808218613207,1,1
11,0,1,1.9290631109705128,3.1207249898825813,60.02509288374692,0.8211614434502582,0,0.6184663017394872,1,0.8736878193655758,1,1
11,0,-1,1.0629499295288134,2.3592487243835736,40.84829008504657,0.3651161707819292,0,0.8966497723817338,1,0.960919213447573,1,1
11,0,-1,1.0966525101197595,2.591515422706372,39.95960500394619,0.2706356362807361,1,0.3651161707819292,-1,0.8966497723817338,1,1
12,0,1,0.6104828570179236,2.9139354401273128,51.88693067452908,0.245165339230298,1,0.6644241125911264,-1,0.7146254761665397,1,1
15,0,-1,0.6515499568229306,2.411219642733612,35.68739148193299,0.4047833747476677,0,0.411998575836577,1,0.9937371200073744,1,1
17,0,1,0.3883217306196295,1.1938779916656743,54.054417985126825,0.7108446256087578,0,0.0812619084915902,1,0.4703530527886235,1,1
19,1,1,0.2515286687604789,0.0777236814943923,42.7252984289845,0.5900152154311731,0,0.4840491799708493,1,0.5984268203665718,1,1
19,0,1,1.0631430685380825,0.0777236814943923,42.7252984289845,0.5900152154311731,0,0.4840491799708493,1,0.5984268203665718,1,1
19,0,1,1.1271333928434306,1.0596045773390674,50.35516507296561,0.7096463953064819,1,0.5900152154311731,-1,0.4840491799708493,1,1
19,0,1,0.5200458593758809,1.3314345607215825,53.09099994047398,0.5601598801425544,0,0.6706468354074977,1,0.5071985538191014,1,1
19,0,1,0.5179898313418162,1.328043672728103,53.509372366392,0.1344147482971801,1,0.5601598801425544,-1,0.6706468354074977,1,1
22,0,1,1.1873166282989818,1.926426418977492,48.14775409769106,0.8216564351391946,0,0.407063762670638,1,0.9679967683005566,1,1
22,0,1,1.1157789477570066,2.159885350498453,50.64320257701145,0.5083308987433112,1,0.8216564351391946,-1,0.407063762670638,1,1
10,0,1,0.9404687406033688,2.581862268967957,56.830417051882606,0.3534344056177321,0,0.6878582277084336,1,0.7158027035971333,1,1
10,0,1,0.912366503146215,2.955272542542732,59.49496491655837,0.7909815356931581,1,0.9243675641056022,-1,0.8738026057056183,1,1
11,0,-1,1.5502475927604238,6.09963606991241,38.18474828937568,0.444659910815346,0,0.9038939439596124,1,0.7580914963220536,1,1
12,0,1,0.4806548643550566,5.38308441094672,61.69586163978916,0.7642444878996066,0,0.2714854539326053,1,0.092602341691789,1,1
12,0,1,1.4788213148236358,6.223209216893628,67.1114768662539,0.1188089254221375,1,0.4055256714102523,-1,0.5582427135955514,1,1
12,0,1,1.487697615080148,5.910385769621424,64.67979974593155,0.4609911581699131,0,0.1188089254221375,1,0.4055256714102523,-1,1
15,0,-1,0.4580750205811844,3.343371381224578,40.44297595227907,0.3217588995699289,1,0.7713898442995997,-1,0.8551945255832232,1,1
15,0,-1,0.3936129379922713,3.33560278971268,38.708042270329855,0.2498553999825209,0,0.640992677474628,1,0.2616836140156877,1,1
15,0,-1,0.3889977381520249,3.6530376530982256,36.65603129765901,0.3729615491228988,1,0.2498553999825209,-1,0.640992677474628,1,0
16,0,-1,0.9795658326840282,5.739800112218101,39.70471970742742,0.3899855050010988,0,0.1992020674415933,1,0.7100962904660243,1,0
21,0,-1,0.8852234478802837,2.412838359471172,49.50100804533642,0.6820355702977828,1,0.9614238967352836,-1,0.5908402550222395,1,1
21,0,1,0.5924484460247686,0.6123827191776237,61.19773653998389,0.5204992852844419,1,0.3581961128600755,-1,0.1812857298393702,1,1
22,0,1,1.2237325395498482,4.161829254373631,67.07564203824191,0.3926413213724608,0,0.1871288648901108,1,0.8218000356551951,1,1
22,0,1,0.8808393667947653,5.91974708397085,74.50559961515381,0.2639279379685621,0,0.2482223610726574,1,0.784774651601885,1,1
22,0,1,0.8768276854087248,6.208246613984747,76.12273846928207,0.3462733195037825,1,0.2639279379685621,-1,0.2482223610726574,1,1
22,0,1,0.8431614692220029,5.052125689785597,66.18721365006255,0.617090251851597,0,0.3462733195037825,1,0.2639279379685621,-1,1
7,0,1,0.4175367456571561,2.3303303222595506,60.25176321643229,0.7949456554662214,0,0.3902969943387669,1,0.4181257620324906,1,1
7,0,1,0.4790045192984977,2.815855933885986,60.05048778765745,0.4917149596364056,0,0.9107119257344968,1,0.7949456554662214,-1,0
8,0,1,2.094133754359874,1.226635979230618,61.06700468847393,0.6291337167504046,1,0.415850128047752,-1,0.6470435191235206,1,1
8,0,1,2.0130991717850915,0.1859595766678787,53.67687355781669,0.5365386924849636,0,0.6291337167504046,1,0.415850128047752,-1,1
8,0,1,1.8140231052110676,0.312769166240168,54.75256717146572,0.2266147544348233,1,0.5365386924849636,-1,0.6291337167504046,1,0
8,0,1,0.7222259102181343,0.6580792182602839,53.7529623203409,0.8774512284297309,0,0.8111999526547754,1,0.8487920107117392,1,0
9,1,1,1.1102724939361288,0.1834629568801929,55.56152157461258,0.2197307554046538,0,0.8898192555189837,1,0.216420829409395,1,0
10,0,1,0.5412284733926997,3.4971638632850994,64.96086582912508,0.2210546516918039,1,0.1563532284567727,-1,0.2250155295162244,1,1
10,0,1,0.6003104959039597,3.342637173925293,59.5616410642292,0.8627799320490599,0,0.3494674479685943,1,0.2210546516918039,1,1
10,0,1,0.6027621383924042,3.9752144834475738,63.13216445672452,0.5082634859229332,1,0.8627799320490599,-1,0.3494674479685943,1,1
12,0,1,0.7371487502770031,5.484702243236163,54.06299764278342,0.8686343610701951,0,0.4805872537135025,1,0.2495146656425002,1,1
14,0,1,1.0062341125299286,6.007173439868022,52.23675390381592,0.273997366337803,0,0.3833023249763186,1,0.9096195855167049,-1,1
19,0,1,1.406430789169158,2.084532760260476,58.55925449129435,0.8139128865764435,0,0.8114454532100238,1,0.685966893928955,1,1
22,0,1,0.5965598693115782,4.057156365771033,47.49092559776265,0.5068774550673031,0,0.906110308298911,1,0.3119287132610291,1,1
22,0,1,1.1425946343898088,5.591591475958451,59.41234712893746,0.6548328011929441,0,0.4761081934106937,1,0.9280051698809352,1,1
22,0,1,1.097802427640134,5.690460379972568,61.77660382987207,0.4160612327870848,1,0.6548328011929441,-1,0.4761081934106937,1,1
22,0,1,1.087070651542465,5.026264809404453,59.936311473069445,0.2603256891834455,0,0.2627394200677888,1,0.044906915516465,-1,1
7,0,-1,1.392398270152882,1.508557952843658,51.66674514989446,0.8062688056757599,0,0.7169563506081903,1,0.3004465295398391,1,1
7,0,-1,1.3033600668310472,1.6545208222252634,49.555809141575445,0.5034511938924089,1,0.8062688056757599,-1,0.7169563506081903,1,1
7,0,1,1.5520422529836178,0.6587723625875812,60.77579942090143,0.6521959286225674,1,0.5024186638881096,-1,0.5623490488622118,1,1
14,0,-1,0.5884826006936068,0.7865562069328641,51.44558641219396,0.5995517627896809,0,0.7345858441310507,1,0.4127615397321941,1,1
14,0,-1,0.592675723030458,0.8243410675899256,51.3347247284015,0.0274927283305858,1,0.5995517627896809,-1,0.7345858441310507,1,1
15,1,-1,1.3751825715492016,1.527335321347058,46.92174630802782,0.491108061276365,1,0.0390196351481487,-1,0.8131631581238287,1,1
19,0,1,0.8157072004588221,3.0141158425772434,55.78632450553618,0.769268619902631,0,0.9557313989913097,1,0.672426386478414,1,1
19,0,1,0.7279287643553876,3.6791506293436735,61.20366763635428,0.6984466089925874,1,0.769268619902631,-1,0.9557313989913097,1,1
21,0,1,0.9839098266093932,0.1832417467727643,52.736213450421104,0.2422212771128359,1,0.6924471154990172,-1,0.5566904377154914,1,1
22,0,-1,0.7513581348353617,2.6224788199589284,49.48947767670744,0.3347777465563114,0,0.1903835814966601,1,0.2457017959693969,1,1
22,0,-1,0.74861056792457,3.1141285820743407,45.73478887541384,0.4473803143346229,1,0.3347777465563114,-1,0.1903835814966601,1,1
9,0,1,1.5128221818343934,3.0424237867662502,56.04416907206303,0.8818854577913265,0,0.7730346774045977,1,0.7534151159268243,-1,1
12,1,-1,0.7755631355826313,0.445603544365891,38.93014445608297,0.0251470058058174,0,0.8567941761601975,1,0.4765442938338473,-1,1
13,0,-1,1.1783952065200227,6.102185986957151,44.08687453401578,0.5741418183721414,1,0.7107591828478723,-1,0.0347680903909036,1,1
15,1,-1,0.3000406326808715,1.1163909260287566,58.93173880057632,0.5430865233116902,0,0.5220072572931075,1,0.045113249169153,-1,1
18,0,-1,0.9818082935610182,4.587976888649224,32.31620240889508,0.6984368158973746,1,0.79613961673982,-1,0.3546564396434735,1,1
20,1,-1,0.8416578846094385,4.430029240075919,41.70104061540842,0.4441603680442184,1,0.2026627599970402,-1,0.8131572478553722,1,1
22,0,-1,1.7550776816032287,4.027488344575104,33.76620323160154,0.70439551200007,0,0.7210541913284022,1,0.747591267773633,1,1
22,0,-1,1.0394233556483754,1.0837236490914968,52.745693711217,0.7786995807127033,0,0.0206055152075121,1,0.5323333976203632,-1,1
22,0,-1,1.0193167153362397,1.7674776640498902,47.711145903658085,0.7678380122711689,1,0.7786995807127033,-1,0.0206055152075121,1,0
22,0,1,0.7907211845588017,2.499101600505369,61.826477045723685,0.3691127201505125,0,0.363326223899667,1,0.9444652815205372,-1,1
7,0,-1,1.1928988927331394,2.74586888424569,33.57154149565153,0.6199942646862623,1,0.758670394286555,-1,0.730340508669667,1,1
7,0,-1,1.1084613085394484,1.9835231628785803,40.16022738160892,0.7825207400490146,1,0.9249603394348374,-1,0.6199942646862623,1,1
13,0,1,0.9566580758682632,1.4150417618068565,58.42366328611347,0.3061585074387665,0,0.0389690554185046,1,0.7053714528594847,1,1
15,0,-1,0.8569381452929058,1.2831309018869523,46.91308591232502,0.7136251627903877,0,0.2812674904596999,1,0.5754042271222257,1,1
16,0,-1,1.0562736251192095,5.17242837015606,39.99196113402155,0.6643143025312276,0,0.2392501831931682,1,0.1981817789331175,-1,1
21,0,-1,0.4970819894409078,3.633705391097631,31.628551581651507,0.0718124560192037,0,0.4501005207993288,1,0.7826915887425518,1,1
7,0,1,0.4173178772015294,3.101010325763982,59.02911393565495,0.0334156436516363,0,0.7499103083336406,1,0.2037417637836333,1,1
8,0,-1,0.8157832934333722,2.059688640818375,38.773095555688926,0.0751364803756889,0,0.7370806332827998,1,0.3393672191303635,1,1
8,0,-1,0.5595365991428826,1.1244521085466126,47.89496566488236,0.3957102246745053,1,0.9032733998161696,-1,0.5812113915925321,1,1
11,0,-1,0.7483004824381575,4.101299822996706,45.07635287027225,0.729801738572702,0,0.7681157598532617,1,0.4158936426235275,1,1
15,0,-1,0.563719357648484,6.4393730204805015,32.84668144874972,0.538581583133787,0,0.4706099912323864,1,0.6548214081560114,1,0
18,0,1,1.3575467673362651,5.753635917703346,68.11588952554861,0.1357837951385088,0,0.7365840771946282,1,0.820124389773041,1,1
18,0,1,1.4650837730832924,6.213019184784966,69.41651576480189,0.274699888113834,1,0.0958503953875469,-1,0.2072984534691405,1,1
18,0,1,1.4614076448647493,5.520857148192137,64.19121256127198,0.5965599292348044,0,0.274699888113834,1,0.0958503953875469,-1,1
21,0,1,0.3425043681455278,0.5954584607251728,47.78714657632723,0.5891331420167046,0,0.4575366562506034,1,0.2482012329449125,1,1
21,0,1,0.3480468467055959,1.1076836101841363,51.5130500134592,0.7300413695038536,1,0.5891331420167046,-1,0.4575366562506034,1,1
7,0,1,0.9377815324992615,0.903430865963622,58.667210474335775,0.1031416931596684,0,0.7585538406436623,1,0.5402609413533321,1,1
7,0,1,0.9377815324992615,0.903430865963622,58.667210474335775,0.1031416931596684,0,0.7585538406436623,1,0.5402609413533321,1,1
7,0,1,0.8266822304707838,5.12555591860173,63.604367205426456,0.2673693762409622,1,0.8318815628121269,-1,0.2706414713934195,1,1
8,0,1,0.6681165691980566,2.319356795972999,43.55753925263921,0.7672483590685277,0,0.4365602168509033,1,0.8223408581250244,1,1
8,0,1,0.6252472708903943,2.6214652331106167,47.43753144938647,0.3438008138421113,1,0.7672483590685277,-1,0.4365602168509033,1,1
9,0,-1,0.757928760773406,4.123439837518084,32.451320086518805,0.819848273420633,0,0.6216893891534392,1,0.2617427480576704,1,1
9,1,-1,0.6019180055842448,2.424660710189778,54.01399287641231,0.4740365703394409,1,0.3396401587185322,-1,0.0583840066251276,1,1
9,1,-1,1.330148618336242,2.993129035606012,46.10200982508925,0.4739721617271958,0,0.9459081631228764,1,0.4740365703394409,1,1
16,0,-1,0.935149660707766,3.9275970331738246,29.27449620526617,0.1970819950696835,0,0.1782093684176004,1,0.3934787743070088,1,1
19,0,1,0.4121977066449152,0.9590298194036808,54.58068884405704,0.8198451856363936,0,0.3790168232467133,1,0.1565019881875209,1,1
20,0,-1,0.5095803903988583,2.3554680767776914,43.30585930163444,0.5284402423021517,0,0.0966563785212913,1,0.213230512228415,1,1
20,0,-1,0.639292485624038,2.1343260719992974,44.89507669862615,0.7580845078629334,0,0.1693666293910239,1,0.5399287889969291,1,1
20,0,-1,1.4920460568790916,4.058759063772287,38.878126692044304,0.0197145758125521,0,0.1406588657815264,1,0.9171375775424684,1,1
21,0,1,1.4601835609705018,0.5372604670246239,52.60858139349936,0.6965079863738008,0,0.8552235990655669,1,0.8597452275436787,-1,0
22,0,1,1.6696454962769112,5.427607050901263,66.4448672721773,0.0092876848720592,0,0.5718841052931498,1,0.9992494506618984,1,0
7,0,-1,0.6534761726249118,1.784031485643671,44.89022559587024,0.718680906653142,0,0.7051309861299333,1,0.9433891084533158,1,0
10,0,-1,0.7935800302005483,2.850868481913688,46.247436641834575,0.6407668302281782,0,0.5938843003374685,1,0.8017089480593469,1,0
11,0,-1,0.9871342543469724,2.854311169713303,43.28857725957784,0.2912447363145803,0,0.0895578392987126,1,0.9752333151598752,1,1
11,0,1,1.275278414865875,4.227687305996644,64.1399760464671,0.5321813101701445,0,0.3938132972663124,1,0.9530820805259788,1,1
11,0,1,1.2333156956354705,4.703433199726061,66.47101676356303,0.8374223578106109,1,0.5321813101701445,-1,0.3938132972663124,1,1
11,0,1,1.2460998525422635,4.5746406370108055,65.23671734409052,0.2288944743580437,0,0.8374223578106109,1,0.5321813101701445,-1,1
12,0,1,0.951779783226748,4.531392548660508,56.394354082815966,0.7909070075128439,0,0.7774071537418149,1,0.6321999225466889,1,1
12,0,1,0.5834078224039551,0.2428802281423307,44.60292300329864,0.5957239078577207,0,0.3208814614566644,1,0.1061239747383776,1,1
13,0,1,0.3490114188329991,3.5451425661518647,58.642809555418935,0.7464399285384945,0,0.0296673070022577,1,0.2630827778440562,1,1
13,0,-1,0.3546539359841106,1.754245509163468,43.71860012479415,0.534534612696866,0,0.6317179549580845,1,0.6585087010952042,1,1
13,0,-1,0.3640473562749227,2.010694639755406,42.436762909406646,0.3745225211536048,1,0.534534612696866,-1,0.6317179549580845,1,1
14,0,1,0.8018003680383459,0.6666244089413853,53.2324110270164,0.499736408426566,0,0.8904581570165407,1,0.5173408063995052,1,1
20,1,-1,1.1131800932395404,1.7925487038786436,44.79979639468644,0.8734815487186312,1,0.9985830660785784,-1,0.737935664538759,1,1
21,0,-1,0.5466855916765712,4.693046370295664,43.232722536605806,0.3588366568571262,0,0.0286949482426908,1,0.8843098713688898,1,1
7,0,1,1.2019628438625545,3.059285339555336,61.22702114670594,0.5289513920082933,0,0.0106937409758618,1,0.4824705813337114,1,1
8,0,1,1.1998894413288823,2.21394897940816,57.4541215831371,0.2072858625824876,0,0.3412729620719746,1,0.7736720856711192,1,1
8,0,1,1.2284037751155692,2.4491324939180545,57.8716429514872,0.1489987975985783,0,0.6883627360419424,1,0.2072858625824876,-1,1
10,0,-1,1.1913797615930064,3.0637625121039047,40.43506452306431,0.7816305660037152,0,0.9005294101169421,1,0.8401244639477716,1,1
10,0,-1,1.1675001912102938,3.357025699569957,38.56227484278613,0.377097169734515,1,0.7816305660037152,-1,0.9005294101169421,1,1
17,0,1,1.5854406737003386,3.81395681138689,58.00578833279735,0.5446297504088424,0,0.4355461968576372,1,0.2225878405453974,-1,0
17,0,1,1.2898441464314443,2.1354368223826112,55.678635667597895,0.7572769177254394,0,1.0,1,0.6812113708551115,1,1
17,0,1,1.2898441464314443,2.1354368223826112,55.678635667597895,0.7572769177254394,0,1.0,1,0.6812113708551115,1,1
20,0,1,0.8823865105244886,2.17208165599652,60.50411508530244,0.7529074903844073,0,0.5745487677238941,1,0.8016992589598984,1,1
20,0,1,0.4008022557478152,4.776153830999954,65.36125357660522,0.0194899503506376,1,0.0394658160616079,-1,0.256710751091329,1,1
21,0,-1,0.7293753123073469,4.351547338671887,35.1110245035965,0.1588317677091376,1,0.7237774086281363,-1,0.7123822082818514,1,1
7,0,1,0.6874977736128995,1.7708506505464927,55.640653748655296,0.2399876860036112,1,0.128733207531143,-1,0.4466893917342079,1,1
7,0,1,1.2345605851154695,0.4161014190351901,48.29159482181273,0.3739887355750547,1,0.9571062380022984,-1,0.2399876860036112,1,1
8,0,1,1.0187113844414477,0.9163881372745708,60.03726270864056,0.2910751881938783,0,0.3772566118616833,1,0.7329832234251067,1,1
9,0,1,0.8400043069326637,6.031794522769006,62.129185995602775,0.156647752158949,0,0.5320942060630146,1,0.4582730995795858,1,1
12,0,-1,0.5347309551852715,1.0600464715780022,48.903536888450056,0.6826745543424597,0,0.0803579876706999,1,0.9275261288804092,1,1
12,0,-1,0.499155303131383,1.299130480836762,46.69962262072647,0.3469473483362033,1,0.6826745543424597,-1,0.0803579876706999,1,1
12,0,-1,0.4811725476501565,0.7951571088333717,49.7869725766802,0.5873158509455471,0,0.3469473483362033,1,0.6826745543424597,-1,1
13,0,-1,0.6948406853329893,1.773522338200855,49.66546769700149,0.2811002926629757,0,0.740720790941562,1,0.445352291263881,1,0
15,0,-1,0.9081029636094152,3.4996190807046466,41.52408115286326,0.6236882103072202,0,0.1003300920772192,1,0.7130013326898276,1,1
17,1,-1,0.2449888177497148,0.3848727388627016,53.24992665169423,0.3695278701500992,1,0.6336255326545944,-1,0.8215364444206217,1,0
17,1,-1,0.2449888177497148,0.3848727388627016,53.24992665169423,0.3695278701500992,1,0.6336255326545944,-1,0.8215364444206217,1,0
17,0,-1,1.0665184031300652,1.8015657588709015,38.41911417595394,0.116553807880121,0,0.4205543694923647,1,0.8129294254665328,1,1
18,0,-1,0.4033380320557978,2.5583524125160704,50.70812217179563,0.6278348363847345,0,0.0929353163852214,1,0.2206360318715272,1,1
18,0,-1,0.6446485658594877,2.9317992151924206,48.76053095262508,0.7333171864851367,0,0.5309097958545734,1,0.6581293946439386,1,1
19,0,-1,1.3030419321299818,4.389229805937319,38.232204581213175,0.3851273005886654,0,0.6970619546920526,1,0.963376900764672,1,1
19,0,-1,0.7204011583401007,0.5152108147073929,43.04906909331527,0.3272066514826792,1,0.616772817233933,-1,0.4835342429194622,1,1
21,0,-1,0.3429471842390483,3.885041625925064,49.17132452617019,0.7754446907385292,0,0.2128089647055917,1,0.531041988968034,1,1
11,1,-1,0.2999766497762348,3.235151239227376,52.32635487674177,0.0817631453433767,0,0.230938629013368,1,0.2374449116033242,-1,1
13,0,-1,0.5267366529426378,4.1281455973559,38.759255671072864,0.5002817979973685,1,0.999759584270293,-1,0.1024376412927776,1,1
15,0,-1,1.236711832390918,1.5809569068048726,48.45173095362168,0.0579764435904945,0,0.143947405355904,1,0.0223853549399171,1,1
15,0,-1,0.3266776235792749,3.364678096710568,45.029394515686825,0.8275532565554219,0,0.4889319870958494,1,0.7909690835671621,1,1
16,0,-1,0.4753420942144341,5.487461186307162,37.891223844966746,0.1473998264365827,0,0.4093350911253526,1,0.0876517540337544,1,1
16,0,-1,0.4917482681970753,5.600214837060053,37.62249110954603,0.0844284160440303,1,0.1473998264365827,-1,0.4093350911253526,1,1
17,0,-1,0.4012376825304847,4.289928612661657,36.78921103344981,0.6891076689622231,0,0.1549044248198714,1,0.2268766278915039,1,1
18,0,-1,0.2553198796069503,0.145709039468344,53.26039066360219,0.1221794792985858,0,0.6404594944619226,1,0.1318726474985345,1,1
18,0,-1,1.3265124105706134,1.5390918512204108,43.35311337860931,0.5529961921023118,0,0.5737809740533533,1,0.9652504881399464,1,1
18,0,-1,1.3444926143177256,2.1478034647975472,39.63361437349541,0.4711713236577782,1,0.5529961921023118,-1,0.5737809740533533,1,1
18,0,-1,1.274282473553105,1.450300412834215,44.119655183471366,0.8571667605215136,0,0.4711713236577782,1,0.5529961921023118,-1,1
8,0,-1,0.6969118845452866,5.905451006790292,35.89803738910588,0.1623040572537617,0,0.5659998240259111,1,0.5415747142019617,1,1
8,0,-1,0.6872427375511028,5.937498357082233,35.062470703342896,0.2219465560079975,1,0.1623040572537617,-1,0.5659998240259111,1,1
10,0,-1,0.6583289570771101,5.974840994953719,38.153731491519096,0.1626380487733144,0,0.2548320211809677,1,0.0570583306855995,1,1
15,0,-1,0.9395302215737168,6.009889354626341,41.261763075692905,0.7552957900557294,0,0.8952122144779823,1,0.93562155747291,1,1
15,0,-1,0.8482439968281457,5.4442173995718,40.8384096588329,0.0855980802639268,1,0.7552957900557294,-1,0.8952122144779823,1,1
15,0,-1,0.817009378049747,5.126033346705103,41.23103328628714,0.2653003782614215,0,0.0855980802639268,1,0.7552957900557294,-1,1
16,1,-1,0.3084770354237994,0.2219986785044936,57.3292564924248,0.5842722516872512,0,0.8793208416261867,1,0.3220940492937765,-1,1
17,0,-1,1.121388093560172,0.9802673361924944,44.46161392200741,0.7877456346414901,0,0.3242556927195317,1,0.8641139499401815,1,1
19,0,-1,1.212564448505301,4.851793023193123,48.75767734619847,0.6610815436779438,0,0.0952476494715382,1,0.4062801102545842,-1,1
19,0,-1,0.4781920628264929,1.87351807623715,46.71464462166395,0.8440054789667671,1,0.9044726841536188,-1,0.9670729595502652,1,1
19,0,-1,0.477206761717959,1.030005733222404,51.120696611120586,0.7226852045297789,0,0.8440054789667671,1,0.9044726841536188,-1,1
9,0,-1,0.5812800336858963,2.3071508475373075,38.199905737763295,0.8784908868257454,1,0.4780191474737376,-1,0.5617963291515086,1,1
9,0,-1,0.5241939116815357,3.41966562368423,42.35596503331244,0.7791175068562582,0,0.3840120699529608,1,0.8667533512236946,1,1
9,0,-1,0.5608331089961774,4.166975021152806,39.929290138308886,0.5612650991892282,1,0.7791175068562582,-1,0.3840120699529608,1,1
13,0,-1,0.6411662411069622,6.197058257674836,43.74842481628373,0.2587471279750737,0,0.0128536231969289,1,0.8450048828497404,-1,1
13,0,-1,0.3784141304432409,3.7573622270223495,55.217389734155184,0.6780186616860374,0,0.5431852168207213,1,0.5726988759017846,-1,1
13,0,-1,0.3376390722090632,3.413714727281151,53.94302174122927,0.3313662490445758,1,0.6780186616860374,-1,0.5431852168207213,1,1
13,1,-1,0.4591491844961756,1.6256536426629162,51.52187360585821,0.365144156896323,0,0.810884501470858,1,0.3608728764763115,-1,1
15,0,-1,0.5613219753828478,1.6127469117635438,51.63909164286911,0.2703160397590852,0,0.4014004585367491,1,0.3052731910206419,1,1
17,1,1,0.3425905965453847,3.419893989709056,56.22707560429777,0.2805407661253796,0,0.8400158613168984,1,0.476291418493605,-1,1
18,0,1,0.543630365452779,1.9190544184734937,63.50807610586421,0.1732482698438455,1,0.4348268263355009,-1,0.4002310447752639,1,1
18,1,1,0.6902326350288499,1.0984836531068871,45.61593048679902,0.4744592305624885,0,0.9306320706497132,1,0.0099036963150314,1,1
20,0,-1,1.026536630037954,0.5607501017320136,51.23648833713524,0.8533797042554176,1,0.8776167477291953,-1,0.2885269901037876,1,1
20,0,-1,1.5177470941006044,3.835649537596001,41.33864803925002,0.6237347999386781,0,0.2093989834020832,1,0.0228840992086393,-1,1
20,0,-1,1.3479658858490962,4.812010757825968,33.79683940238672,0.8748106764066166,1,0.6237347999386781,-1,0.2093989834020832,1,1
9,0,1,1.0325457261208264,6.01533026989213,56.92410057485422,0.8758181724712599,0,0.1872712142394457,1,0.9000246151629181,-1,1
11,0,-1,0.3025535468065706,5.262093747287489,42.62495944496574,0.8291663998575557,0,0.489271137624674,1,0.6690979049082827,1,1
11,0,-1,0.3025535468065706,5.262093747287489,42.62495944496574,0.8291663998575557,0,0.489271137624674,1,0.6690979049082827,1,1
13,0,1,1.5327182489113838,2.0617129220760604,47.44300130695172,0.6837630395718629,0,0.5793973308675402,1,0.0789794433453917,-1,1
13,0,1,1.540120391040685,2.396116837405202,50.20911694665609,0.4098820146491599,1,0.6837630395718629,-1,0.5793973308675402,1,1
13,0,1,0.2235830442445653,4.275890768062534,59.91824335545026,0.3218934187931603,0,0.5089450064662717,1,0.1619656995792897,1,1
14,0,1,0.7429018155881346,0.6515965697982364,54.8678363442378,0.3259103006149806,0,0.5055426624098719,1,0.3028478022900573,1,1
16,0,1,0.4136668351772089,3.402184220323231,55.69943305546061,0.2170471435619125,0,0.1554121121082046,1,0.9597716313910596,1,1
19,0,-1,0.7710289597549126,6.399971218141087,40.59647619738188,0.3955882308249676,0,0.2751203316454684,1,0.4166381035506109,-1,1
20,0,1,0.8257916483558048,5.409963420053024,68.58993922993625,0.0311750744126159,1,0.8985398891120497,-1,0.780668585862051,1,1
20,0,1,0.8319210943326206,5.3290030537051525,67.50295896661322,0.1286413284599029,0,0.0311750744126159,1,0.8985398891120497,-1,1
20,0,1,0.8787613247822506,5.718509098966592,68.00819498707953,0.1034611788664619,1,0.1286413284599029,-1,0.0311750744126159,1,0
8,0,-1,0.5211748104659931,1.123481819909736,43.16849790031032,0.2193408784056787,0,0.1971400117768834,1,0.7802692280341049,1,1
11,1,-1,0.8116317973278375,2.9850070711375936,49.23771258016112,0.0596477506377391,0,0.9024606975967008,1,1.0,1,1
12,0,1,1.4980812123941232,2.296977989568445,52.74380044852966,0.546662326510427,0,0.2196619769472026,1,0.9998105215577124,1,1
12,0,1,1.47258711164155,2.7716246478723376,56.13463198059233,0.7243958852451079,1,0.546662326510427,-1,0.2196619769472026,1,1
12,0,1,1.448790156642121,2.1887266254435667,52.4361223866727,0.5386545536580997,0,0.7243958852451079,1,0.546662326510427,-1,1
12,0,1,1.048689079380526,2.312288989047728,53.30788926616378,0.8281656329176464,0,0.235496210834167,1,0.6684591259178625,1,1
12,0,1,0.996659998297158,2.376271756251912,54.74136447434236,0.4039456749395348,1,0.8281656329176464,-1,0.235496210834167,1,1
12,0,1,1.0299394644151214,2.0302241436213677,51.77239954361316,0.5746553954095266,0,0.4039456749395348,1,0.8281656329176464,-1,1
16,0,-1,0.3330582663304355,1.925026887567025,54.40184998222987,0.6088366925598855,0,0.4556234404157913,1,0.4784640704832977,1,1
21,0,1,1.0401742724729433,1.86800208675532,61.12590604655362,0.5838501171928343,0,0.488514070340958,1,0.9042992389435957,1,1
21,0,1,1.0058829175758393,2.282542084463941,63.422143947831465,0.4520708483362745,1,0.5838501171928343,-1,0.488514070340958,1,1
21,0,-1,1.0454727747555868,0.3763806640494703,40.41720617450621,0.80462514947006,0,0.1599337683529921,1,0.7833764049925035,1,1
7,0,-1,0.6937463000688162,5.198921493123606,32.09286399333878,0.0414414261233245,0,0.2609501012253605,1,0.6387751546446832,-1,1
10,0,1,0.7476727520625539,4.694967969139961,49.60807054194618,0.7068854447981201,0,0.35388375257207,1,0.2343086534641525,1,1
11,0,1,0.5503400558299535,4.97981277262388,56.03410277264469,0.3638871533334016,0,0.1353246361724562,1,0.3795276076621349,1,1
13,0,-1,0.7003953469358379,2.5482822225521957,39.78480655270408,0.2271406478172876,0,0.1723148744419299,1,0.2912626111524876,1,1
15,0,-1,1.3073928729524027,2.27793239563511,48.19326458982866,0.7884297562815848,0,0.3241936151369432,1,0.0675236430181226,-1,1
15,0,-1,1.992580809978244,5.912074105559258,30.628250423435446,0.3273651725061711,0,0.9991583542202342,1,0.954797510529956,1,1
15,0,-1,1.8890185664035903,5.808368397782191,29.572919250347923,0.3549543736161357,1,0.3273651725061711,-1,0.9991583542202342,1,1
15,0,-1,1.8392927995309576,4.5855495585846455,38.35634824965621,0.8929772071693465,0,0.3549543736161357,1,0.3273651725061711,-1,1
16,0,-1,0.6481752282042154,1.230371217166901,40.33396129188665,0.5709566007186667,0,0.4728685473674675,1,0.5345444769551732,1,1
16,0,-1,1.0001209667798725,2.336342398344672,41.94743124027731,0.0206928314042828,0,0.6170241233438771,1,0.6981400885819413,1,1
17,0,1,1.5834794657973168,1.4506585867692925,62.52772550976389,0.6667881512806129,1,0.4443878102574716,-1,0.2196987615829741,1,0
18,0,1,0.7206802299057765,3.232153346575855,57.937155875329694,0.8292551676188069,0,0.6074811322052139,1,1.0,1,1
21,0,-1,0.8805697696224187,2.705583283828457,40.94007783641508,0.2673614944272692,0,0.7989476968058034,1,0.7829716465938161,-1,1
11,1,-1,0.9994586139520284,2.143954637655981,46.99022040359406,0.8953221035921289,1,0.1900589916548246,-1,0.5964713522130985,1,1
12,0,1,0.7760274912973602,0.8169385532136776,43.152948215353206,0.8209157995353202,0,0.6629463754950321,1,0.8805211863657401,1,1
13,0,1,1.52678117561248,3.275924404620957,64.37816229225128,0.3090330062560846,0,0.61107955562894,1,0.7594190978816832,1,1
13,0,1,1.7446524791844842,4.30510212443133,66.91246045933234,0.6539393186063471,1,0.3090330062560846,-1,0.61107955562894,1,1
13,0,1,1.7146601026940154,3.7326915627156976,63.09385847952252,0.0665015186887261,0,0.2419618098613637,1,0.6305299140584911,-1,1
18,0,1,0.3580076597742209,2.275059277464462,49.976460537464135,0.8710581366294833,0,0.2913319216009252,1,0.6611780250258885,1,1
20,0,1,0.6608888974696796,2.048824598450288,50.68348824259435,0.121193793069358,0,0.6356368296398702,1,0.8680100247964011,1,1
21,0,1,0.4886100656098885,1.9246357576939848,55.3150603123152,0.0519861485108626,0,0.3503666082482348,1,0.5193890470040626,1,1
21,0,1,0.4746470601952692,2.5804968790196114,59.30450783459625,0.524390052336086,1,0.0519861485108626,-1,0.3503666082482348,1,1
21,0,1,0.4636627832005226,1.5919292774431977,52.8656715923544,0.8278240247094535,0,0.524390052336086,1,0.0519861485108626,-1,1
7,0,-1,1.1101323598324568,5.024946025180367,37.0757065201883,0.3823686739440864,0,0.0876014489172231,1,0.4182170865240271,1,1
11,0,-1,1.4971642238593752,2.0848932036279373,50.65656080596277,0.523619224768869,0,0.2170417675429653,1,0.219936281194191,1,1
11,0,-1,1.3917910101933104,2.3376190052689,47.53705060635356,0.7743444902889657,1,0.523619224768869,-1,0.2170417675429653,1,1
11,0,-1,1.4908361282100555,1.7565822378294231,51.91205025795204,0.4355769191891933,0,0.7743444902889657,1,0.523619224768869,-1,1
14,0,1,0.6060479706516133,1.2999111027771133,50.32648080518246,0.684533214224818,0,0.3266505351262877,1,0.7851060813607926,-1,1
14,1,1,0.6314432566892536,3.2547895372153257,60.24975177446715,0.4291256953236895,1,0.1849038139392354,-1,0.7980336007409063,1,1
17,0,1,1.0145316463630425,3.3461425969637806,60.51748092728148,0.6600443242560788,0,0.6346272961774077,1,0.3242048141582688,1,1
18,0,1,0.7508595936626464,0.5193808628150662,55.46882646896347,0.6987665544598829,0,0.5501350686435637,1,0.6207398792772673,1,1
21,0,1,0.5561125511785203,4.967403888791746,61.53379205916914,0.4104573884628084,0,0.7276669493689065,1,0.7568494232522678,1,1
7,0,-1,1.3433577145117193,1.205102943797465,40.10688175043556,0.6544519626234006,0,0.410957765762739,1,0.9685385137532446,1,1
